{
  "dataset_size": 1000,
  "injury_rate": "18.0%",
  "feature_stats": {
    "age": {
      "mean": 28.231,
      "std": 6.535108185791571,
      "min": 18.0,
      "max": 39.0,
      "median": 28.0
    },
    "training_hours_per_week": {
      "mean": 8.099626807502508,
      "std": 7.131393420666596,
      "min": 2.0,
      "max": 30.0,
      "median": 5.65291791419458
    },
    "previous_injuries": {
      "mean": 1.506,
      "std": 1.246580923967634,
      "min": 0.0,
      "max": 7.0,
      "median": 1.0
    },
    "bmi": {
      "mean": 22.976596685406705,
      "std": 2.942089332257761,
      "min": 17.0,
      "max": 30.935110371245475,
      "median": 22.843061042531374
    },
    "recovery_days": {
      "mean": 9.882188831149703,
      "std": 6.983979590571125,
      "min": 0.16300553233885817,
      "max": 46.87093298024791,
      "median": 8.375045468348155
    }
  }
}